Agent policy,Average distance,Number of collisions
maddpg,0.6291287914946241,0.3884660043865308
ddpg,0.6920685987855606,0.37079625370796254
